"city","corridor","system","country","country_ITDP","city_ITDP","year","corridor_length","a","a1","a2","a3","a4","a5","b","b1","b2","b3","b4","b5","b6","b7","c","c1","c2","c3","c4","c5","d","d1","d2","d3","d4","d5","e","e1","e2","f","f1","f2","f3","f4","f5","f6","score","g","g1","g2","g3","g4","g5","g6","g7","g8","total_score","classification","gdp","continent","pop_density","corridors_city_length","population","bus_split","pop_density_2017","peak_load_2017","speed_ITDP_2017","speed_BRTData_2017","demand_BRTData_2017","corridor_length_BRTData_2017","metro_length","net_score","id","x_a","x_b","x_c","x_d","x_e","x_f","x_g","productivity","demand","system_length","speed","year_system_commenced","peak_frequency","peak_load_pax"
"Ahmedabad","Narol-Naroda","Janmarg","India","India","Ahmedabad",2013,13.2,93.9,100,100,100,66.7,100,79.2,100,0,66.7,100,100,50,100,71.4,100,33.3,100,100,0,90,100,100,66.7,100,100,100,100,100,28.6,66.7,33.3,33.3,0,0,0,78,-16.7,0,0,0,-20,-100,100,100,-25,72,"Silver",1582,"Asia",4060,82,5726000,22,"","",">20","","",NA,0,72,49,93.9,79.2,53.74,90,100,28.6,-16.7,1585.4,130000,82,24,2009,20,1780
"Ahmedabad","RTO-Maninagar","Janmarg","India","India","Ahmedabad",2013,21.5,93.9,100,100,100,66.7,100,79.2,100,0,66.7,100,100,50,100,42.9,0,33.3,100,100,0,90,100,100,66.7,100,100,100,100,100,28.6,66.7,33.3,33.3,0,0,0,74,-16.7,0,0,0,-20,-100,100,100,-25,68,"Bronze",1582,"Asia",4060,82,5726000,22,"","",">20","","",NA,0,68,48,93.9,79.2,53.74,90,100,28.6,-16.7,1585.4,130000,82,24,2009,20,1780
"Ahmedabad","Sola-AEC","Janmarg","India","India","Ahmedabad",2014,3.1,92.1,100,100,100,57.1,100,63.2,100,0,66.7,100,0,100,100,50,0,33.3,100,100,50,90,100,100,66.7,100,100,100,100,100,42.9,66.7,100,33.3,0,0,0,74,-20,0,-100,0,-20,0,-100,0,0,65,"Bronze",1582,"Asia",4060,82,5726000,22,NA,NA,">20",NA,NA,82,0,65,1,92.1,63.2,50,90,100,42.9,-20,1585.4,130000,82,24,2009,20,1780
"Bangkok","Sathorn Station to Rama III Station","Bangkok BRT","Thailand","Thailand","Bangkok",2014,11.5,84.2,50,100,87.5,85.7,100,36.8,0,0,100,100,0,100,0,35.7,0,0,100,0,100,30,0,100,0,0,0,100,100,100,50,33.3,100,100,0,0,0,59,0,0,0,0,0,0,0,0,0,59,"Bronze",5977,"Asia",1876,15.3,8305218,30,NA,NA,">20",NA,NA,NA,86.4,59,2,84.2,36.8,35.7,30,100,50,0,980.4,15000,15.3,26,2010,15,1200
"Barranquilla","(no name)","Transmetro","Colombia","Colombia","Barranquilla",2013,13.2,97,100,100,100,83.3,100,79.2,0,66.7,100,100,100,100,100,78.6,75,33.3,100,100,100,100,100,100,100,100,100,100,100,100,35.7,100,0,66.7,0,0,0,82,-13.9,0,0,-60,0,-33.3,100,100,-12.5,77,"Silver",7904,"Latin America",3650,14,1386865,50.2,NA,NA,NA,NA,NA,NA,0,77,50,97,79.2,78.6,100,100,35.7,-13.9,8214.3,115000,14,22,2010,54,NA
"Beijing","Entire Network","Beijing BRT","China","China","Beijing",2013,59,60.6,57.1,57.1,85.7,0,100,79.2,100,0,100,100,100,100,0,35.7,0,0,66.7,100,50,70,100,66.7,100,0,0,100,100,100,7.1,0,0,0,0,50,0,57,0,0,0,0,0,0,100,100,0,57,"Bronze",7590,"Asia",1006.4,74.5,12265000,24,"","",">20","","",NA,554,57,51,60.6,79.2,35.7,70,100,7.1,0,4094,305000,74.5,26,2004,60,8000
"Belo Horizonte","Cristiano Machado","Move","Brazil","Brazil","Belo Horizonte",2014,6.7,94.7,100,100,100,71.4,100,94.7,100,100,100,100,100,50,100,85.7,100,33.3,100,100,100,100,100,100,100,100,100,100,100,100,57.1,100,66.7,33.3,50,50,0,89,-6.7,0,0,-40,-20,0,0,0,0,86,"Gold",11384,"Latin America",524.7,39.3,2502557,28.1,"524.7","3500",">20","18.96","185000",7.1,28.1,86,3,94.7,94.7,85.7,100,100,57.1,-6.7,26650.7,1047374,39.3,17.6,1975,500,35000
"Bogota","Americas","TransMilenio","Colombia","Colombia","Bogota",2013,12.7,97,100,100,100,83.3,100,100,100,100,100,100,100,100,100,78.6,100,0,100,100,100,100,100,100,100,100,100,100,100,100,64.3,100,0,100,50,100,0,91,-8.3,0,0,0,0,-100,100,100,0,88,"Gold",7904,"Latin America",3347.4,112.9,7760500,59,"","",">20","","",NA,0,88,53,98.61,98.02,73.06,100,100,57.57,-8.3,19603.5,2213236,112.9,26.2,2000,320,48000
"Bogota","Autonorte","TransMilenio","Colombia","Colombia","Bogota",2013,11.6,97,100,100,100,83.3,100,100,100,100,100,100,100,100,100,64.3,100,0,100,100,0,100,100,100,100,100,100,100,100,100,42.9,100,0,100,0,NA,0,86,-8.3,0,0,0,0,-100,100,100,0,83,"Silver",7904,"Latin America",3347.4,112.9,7760500,59,"","",">20","","",NA,0,83,54,98.61,98.02,73.06,100,100,57.57,-8.3,19603.5,2213236,112.9,26.2,2000,320,48000
"Bogota","Calle 80","TransMilenio","Colombia","Colombia","Bogota",2013,7.5,100,100,100,100,100,100,100,100,100,100,100,100,100,100,64.3,100,0,100,100,0,100,100,100,100,100,100,100,100,100,57.1,100,0,100,0,100,0,89,-8.3,0,0,0,0,-100,100,100,0,86,"Gold",7904,"Latin America",3347.4,112.9,7760500,59,"","",">20","","",NA,0,86,52,98.61,98.02,73.06,100,100,57.57,-8.3,19603.5,2213236,112.9,26.2,2000,320,48000
"Bogota","Caracas","TransMilenio","Colombia","Colombia","Bogota",2013,7.3,97,100,100,100,83.3,100,100,100,100,100,100,100,100,100,64.3,100,0,100,100,0,100,100,100,100,100,100,100,100,100,42.9,100,0,100,0,0,0,86,-8.3,0,0,0,0,-100,100,100,0,83,"Silver",7904,"Latin America",3347.4,112.9,7760500,59,"","",">20","","",NA,0,83,55,98.61,98.02,73.06,100,100,57.57,-8.3,19603.5,2213236,112.9,26.2,2000,320,48000
"Bogota","El Dorado","TransMilenio","Colombia","Colombia","Bogota",2013,10.8,100,100,100,100,100,100,87.5,50,66.7,100,100,100,100,100,78.6,100,0,100,100,100,100,100,100,100,100,100,100,100,100,64.3,100,0,100,50,100,0,89,-8.3,0,0,0,0,-100,100,100,0,86,"Gold",7904,"Latin America",3347.4,112.9,7760500,59,"","",">20","","",NA,0,86,56,98.61,98.02,73.06,100,100,57.57,-8.3,19603.5,2213236,112.9,26.2,2000,320,48000
"Bogota","NQS","TransMilenio","Colombia","Colombia","Bogota",2013,8.6,100,100,100,100,100,100,100,100,100,100,100,100,100,100,78.6,100,0,100,100,100,100,100,100,100,100,100,100,100,100,64.3,100,0,100,50,100,0,92,-8.3,0,0,0,0,-100,100,100,0,89,"Gold",7904,"Latin America",3347.4,112.9,7760500,59,"","",">20","","",NA,0,89,58,98.61,98.02,73.06,100,100,57.57,-8.3,19603.5,2213236,112.9,26.2,2000,320,48000
"Bogota","Suba","TransMilenio","Colombia","Colombia","Bogota",2013,9.6,100,100,100,100,100,100,100,100,100,100,100,100,100,100,78.6,100,0,100,100,100,100,100,100,100,100,100,100,100,100,64.3,100,0,100,50,100,0,92,-8.3,0,0,0,0,-100,100,100,0,89,"Gold",7904,"Latin America",3347.4,112.9,7760500,59,"","",">20","","",NA,0,89,57,98.61,98.02,73.06,100,100,57.57,-8.3,19603.5,2213236,112.9,26.2,2000,320,48000
"Brisbane","South East Busway","(no BRT system name)","Australia","Australia","Brisbane",2013,16.5,69.7,100,100,0,100,50,87.5,100,100,100,100,100,100,100,92.9,100,66.7,100,100,100,60,0,100,100,0,0,100,100,100,85.7,100,100,100,100,50,0,80,-8.3,0,0,0,-40,0,33.3,50,-12.5,77,"Silver",61926,"Oceania",347.2,28.4,1970000,15.3,"347.2","19,900",">20","55","108,300",16.5,0,77,59,69.7,87.5,92.9,60,100,85.7,-8.3,12563.4,356800,28.4,37.5,2000,295,19900
"Buenos Aires","9 de Julio","Metrobus","Argentina","Argentina","Buenos Aires",2014,3.5,73.7,100,100,0,85.7,85.7,68.4,100,0,0,100,100,100,100,78.6,100,0,100,100,100,80,100,100,66.7,100,0,40,33.3,50,57.1,100,33.3,100,0,50,0,70,0,0,0,0,0,0,0,0,0,70,"Silver",12510,"Latin America",50.7,38.5,2891082,44.7,"50.7",NA,">20",NA,"255000",3,53.9,70,4,73.7,68.4,78.6,80,40,57.1,0,15584.4,6e+05,38.5,24,2011,30,3500
"Buenos Aires","Juan B Justo","Metrobus","Argentina","Argentina","Buenos Aires",2013,12.5,69.7,100,100,0,83.3,66.7,75,100,0,0,100,100,100,100,28.6,0,0,100,0,50,90,100,100,100,100,0,40,33.3,50,42.9,66.7,33.3,100,0,0,0,62,-2.8,0,0,-20,0,0,100,100,0,61,"Bronze",12510,"Latin America",50.7,38.5,2891082,44.7,"50.7","3,500",">20","24","94,000",12,53.9,61,60,69.7,75,28.6,90,40,42.9,-2.8,15584.4,6e+05,38.5,24,2011,30,3500
"Cali","1st phase (all corridors)","MIO","Colombia","Colombia","Cali",2013,39,100,100,100,100,100,100,100,100,100,100,100,100,100,100,71.4,75,0,100,100,100,100,100,100,100,100,100,80,100,50,35.7,100,0,66.7,0,0,0,86,-11.1,0,0,-20,0,-100,100,100,0,82,"Silver",7904,"Latin America",327,36.1,2344703,48,"","",">20","","",NA,0,82,61,100,100,71.4,100,80,35.7,-11.1,13068,471361,36.07,17.8,2008,25,13000
"Cambridge","Route A","Cambridgeshire Busway","United Kingdom","UK","Cambridge",2013,26,66.7,71.4,71.4,0,100,100,79.2,100,0,100,100,100,100,0,35.7,0,0,100,0,100,30,0,100,0,0,0,100,100,100,85.7,100,66.7,100,100,100,0,66,0,0,0,0,0,0,100,100,0,66,"Bronze",46332,"Europe",204,40,128000,9,"","",">20","","",NA,0,66,62,66.7,79.2,35.7,30,100,85.7,0,300,12000,40,60,2011,12,NA
"Cape Town","Phase 1A","MyCiTi","South Africa","South Africa","Cape Town",2013,17,80.3,100,92.9,100,0,100,29.2,0,0,100,100,0,50,50,57.1,100,33.3,0,100,50,80,0,100,100,100,100,80,100,50,64.3,100,0,100,50,100,0,62.5,0,0,0,0,0,0,0,0,0,62.5,"Bronze",6483,"Africa",1530,17,3740026,43.7,"","",">20","","",NA,0,62.5,63,80.3,29.2,57.1,80,80,64.3,0,1176.5,20000,17,NA,2011,6,NA
"Caracas","L�nea 7","BusCaracas","Venezuela","Venezuela","Caracas",2014,5.2,97.4,87.5,100,100,100,100,47.4,0,0,66.7,100,100,50,50,64.3,0,66.7,100,100,100,90,100,100,100,0,100,80,100,50,50,100,66.7,66.7,0,0,0,75,-6.7,0,0,-60,0,0,0,0,0,72,"Silver",12772,"Latin America",4009,5.2,1943901,56.9,NA,NA,">20",NA,"30000",5.2,66.5,72,5,97.4,47.4,64.3,90,80,50,-6.7,5769.2,30000,5.2,NA,2012,NA,NA
"Changde","Changde Dadao","Changde BRT","China","China","Changde",2014,18.9,71.1,100,100,50,0,100,57.9,100,0,100,100,0,100,0,21.4,0,33.3,0,0,100,80,0,100,100,100,100,100,100,100,28.6,0,100,0,0,50,0,58,-11.1,0,-100,0,0,0,0,0,0,53,"Basic",7590,"Asia",558.2,18.9,1401000,NA,"558.2","800",">20","31",NA,18.9,0,53,6,71.1,57.9,21.4,80,100,28.6,-11.1,NA,NA,18.9,31,2012,27,800
"Changzhou","Entire Network","Changzhou BRT","China","China","Changzhou",2013,51.9,81.8,100,100,100,0,100,87.5,100,0,100,100,100,100,100,28.6,0,33.3,33.3,0,100,90,100,66.7,100,100,100,100,100,100,14.3,0,0,33.3,0,50,0,68,0,0,0,0,0,0,100,100,0,68,"Bronze",7590,"Asia",1237.8,49.9,2305000,NA,"","",">20","","",NA,0,68,64,81.8,87.5,28.6,90,100,14.3,0,7014,350000,49.9,18,2008,77,NA
"Chengdu","Erhuan Lu","Chengdu BRT","China","China","Chengdu",2014,28.8,100,100,100,100,100,100,57.9,100,0,100,100,0,100,0,50,0,33.3,100,50,100,50,0,100,0,100,100,100,100,100,42.9,0,100,66.7,0,50,0,72,0,0,0,0,0,0,0,0,0,72,"Silver",7590,"Asia",1200,28.8,7415590,15,NA,"6650",">20","26",NA,28.8,88.2,72,7,100,57.9,50,50,100,42.9,0,NA,NA,28.8,26,2013,40,6650
"Cleveland","Healthline","(no BRT system name)","United States","USA","Cleveland, OH",2013,15,87.9,100,100,85.7,50,100,66.7,100,0,100,100,100,100,50,57.1,50,66.7,33.3,50,100,90,100,100,100,100,0,100,100,100,64.3,100,33.3,100,50,50,0,76,0,0,0,0,0,0,33.3,0,0,76,"Silver",54630,"Northern America",8920.2,11.4,396815,2,"","",">20","","",NA,31,76,65,87.9,66.7,57.1,90,100,64.3,0,1386,15800,11.4,17.7,2009,10,NA
"Curitiba","(All RIT corridors)","Rede Integrada de Transporte (RIT)","Brazil","Brazil","Curitiba",2013,74,100,100,100,100,100,100,100,100,100,100,100,100,100,100,35.7,0,33.3,100,0,50,80,100,66.7,100,0,100,80,100,50,57.1,66.7,100,66.7,0,50,0,82,0,0,0,0,0,0,100,100,0,82,"Silver",11384,"Latin America",179.6,83.9,1879355,46,"","",">20","","",NA,0,82,66,100,100,41.39,82.28,80,57.92,0,6686.5,561000,83.9,NA,1974,67,12500
"Curitiba","Green Line","Rede Integrada de Transporte (RIT)","Brazil","Brazil","Curitiba",2013,9.5,100,100,100,100,100,100,100,100,100,100,100,100,100,100,85.7,100,66.7,100,50,100,100,100,100,100,100,100,80,100,50,64.3,66.7,100,100,0,50,0,92,0,0,0,0,0,0,100,100,0,92,"Gold",11384,"Latin America",179.6,83.9,1879355,46,"","",">20","","",NA,0,92,67,100,100,41.39,82.28,80,57.92,0,6686.5,561000,83.9,NA,1974,67,12500
"Dalian","Zhangqian Lu - Songjiang Lu - Huabei Lu - Xi'an Lu","Dalian BRT","China","China","Dalian",2014,9,71.1,62.5,87.5,100,0,100,42.1,100,0,0,100,0,100,0,42.9,0,0,100,50,100,40,0,33.3,100,0,0,40,33.3,50,28.6,0,66.7,66.7,0,0,0,51,0,0,0,0,0,0,0,0,0,51,"Basic",7590,"Asia",1165.5,13.7,2992000,NA,NA,"6430",">20","24","87000",9,141,51,8,71.1,42.1,42.9,40,40,28.6,0,6350.4,87000,13.7,24,2008,75,6430
"Delhi","Moolchand-Ambedkar Nagar","Delhi BRTS","India","India","Delhi",2013,5.8,54.5,100,100,0,0,66.7,58.3,100,0,33.3,100,100,50,100,0,0,0,0,0,0,50,100,0,66.7,100,0,20,0,50,28.6,33.3,0,66.7,0,50,0,42,-33.3,0,0,-60,-100,-100,33.3,0,-12.5,30,"Basic",1582,"Asia",NA,NA,NA,NA,"","",">20","","",NA,214.9,30,68,54.5,58.3,0,50,20,28.6,-33.3,NA,NA,NA,NA,NA,NA,NA
"Eugene","Green Line","Emerald Express (EmX)","United States","USA","Eugene, OR",2013,12.5,60.6,57.1,57.1,85.7,0,100,45.8,0,0,100,100,100,50,0,35.7,0,66.7,33.3,0,100,70,100,66.7,100,0,0,100,100,100,71.4,100,100,66.7,50,50,0,58,-8.3,-30,0,0,0,0,0,100,0,55,"Bronze",54630,"Northern America",28.8,18.9,156185,4,"","","16-19","","",NA,0,55,69,60.6,45.8,35.7,70,100,71.4,-8.3,529.7,10000,18.88,24,2007,6,500
"Guadalajara","(only 1 line)","Macrobus","Mexico","Mexico","Guadalajara",2013,16,100,100,100,100,100,100,100,100,100,100,100,100,100,100,100,100,100,100,100,100,110,100,100,100,200,100,80,100,50,50,66.7,66.7,100,0,0,0,93,0,0,0,0,0,0,100,100,0,93,"Gold",10326,"Latin America",1967.5,16,1494134,28,"","",">20","","",NA,24,93,70,100,100,100,110,80,50,0,7937.5,127000,16,28,2009,12,9000
"Guangzhou","Zhongshan Avenue","Guangzhou BRT","China","China","Guangzhou",2013,22.5,100,100,100,100,100,100,100,100,100,100,100,100,100,100,64.3,100,0,100,0,100,100,100,100,100,100,100,80,66.7,100,78.6,33.3,100,66.7,100,100,100,91,0,0,0,0,0,0,100,100,0,91,"Gold",7590,"Asia",1764.2,22.5,6780000,32,"","",">20","","",NA,263.5,91,71,100,100,64.3,100,80,78.6,0,37777.8,850000,22.5,23,2010,350,29000
"Guatemala City","Eje Central","Transmetro","Guatemala","Guatemala","Guatemala City",2014,11.7,89.5,100,62.5,100,85.7,100,52.6,0,0,100,100,66.7,50,100,57.1,0,100,100,0,100,80,100,100,100,0,0,80,100,50,64.3,100,100,100,0,0,0,73,0,0,0,0,0,0,0,0,0,73,"Silver",3673,"Latin America",1420,35,1533461,23,NA,NA,">20","30","30000",11,0,73,9,93.66,74.76,64.63,74.74,80,64.3,0,6000,210000,35,26.5,2007,30,12500
"Guatemala City","Eje Sur","Transmetro","Guatemala","Guatemala","Guatemala City",2014,13,97.4,100,100,100,85.7,100,94.7,100,100,100,100,100,50,100,71.4,50,100,100,0,100,70,0,100,100,100,0,80,100,50,64.3,66.7,100,100,0,50,0,85,0,0,0,0,0,0,0,0,0,85,"Gold",3673,"Latin America",1420,35,1533461,23,NA,"12500",">20","23","180000",13,0,85,10,93.66,74.76,64.63,74.74,80,64.3,0,6000,210000,35,26.5,2007,30,12500
"Guayaquil","Troncal 1: Guasmo-R�o Daule","Metrovia","Ecuador","Ecuador","Guayaquil",2013,13.9,97,85.7,100,100,100,100,83.3,100,0,66.7,100,100,100,100,35.7,0,0,100,0,100,90,100,100,100,0,100,80,100,50,35.7,100,0,66.7,0,0,0,75,-19.4,0,0,-60,0,-100,100,100,-12.5,68,"Bronze",6346,"Latin America",7227,45.4,2690000,83,"","",">20","","",NA,0,68,73,97,81.07,35.7,90,80,35.7,-19.4,6828.2,310000,45.4,21.5,2006,30,15000
"Guayaquil","Troncal 3: Bastion-Centro","Metrovia","Ecuador","Ecuador","Guayaquil",2013,16.5,97,85.7,100,100,100,100,79.2,100,0,66.7,100,100,100,50,35.7,0,0,100,0,100,90,100,100,100,0,100,80,100,50,35.7,100,0,66.7,0,0,0,74,-19.4,0,0,-60,0,-100,100,100,-12.5,67,"Bronze",6346,"Latin America",7227,45.4,2690000,83,"","",">20","","",NA,0,67,72,97,81.07,35.7,90,80,35.7,-19.4,6828.2,310000,45.4,21.5,2006,30,15000
"Hefei","Hefei Line 1 (Changjiang)","Hefei BRT","China","China","Hefei",2014,15,52.6,50,100,100,0,0,57.9,100,0,100,100,0,100,0,85.7,100,33.3,100,100,100,70,0,100,100,100,0,20,0,50,42.9,0,66.7,66.7,0,100,0,57,-11.1,-30,0,-40,0,0,0,0,0,52,"Basic",7590,"Asia",2401.8,7.2,2222000,NA,NA,"3600","16-19","16","65250",7.7,0,52,11,52.6,57.9,85.7,70,20,42.9,-11.1,9062.5,65250,7.2,16,2010,55,3600
"Istanbul","Avc_lar - S�_�tl��e_me","Metrob�s","Turkey","Turkey","Istanbul",2014,52,97.4,100,100,87.5,100,100,89.5,100,100,66.7,100,100,100,50,71.4,0,100,100,100,100,50,0,33.3,100,100,0,90,83.3,100,32.1,33.3,83.3,33.3,0,0,0,78,-17.8,0,0,0,-60,-100,0,0,0,70,"Silver",10515,"Europe",2523,52,14160467,36,NA,NA,NA,NA,NA,NA,90,70,12,97.4,89.5,71.4,50,90,32.1,-17.8,14423.1,750000,52,35,2007,156,30000
"Jakarta","Corridor 1","TransJakarta","Indonesia","Indonesia","Jakarta",2013,12.9,90.9,100,100,100,50,100,79.2,100,0,33.3,100,100,100,100,35.7,0,0,100,100,0,80,100,66.7,100,0,100,80,100,50,35.7,66.7,33.3,66.7,0,0,0,71,-27.8,0,0,-60,-60,-100,100,100,-12.5,61,"Bronze",3492,"Asia",3830.4,206.8,9607787,36,"","",">20","","",NA,0,61,74,90.9,79.2,35.7,80,80,35.7,-27.8,1789.6,370000,206.75,19,2004,40,3600
"Jakarta","Corridor 1","TransJakarta","Indonesia","Indonesia","Jakarta",2013,12.9,90.9,100,100,100,50,100,79.2,100,0,33.3,100,100,100,100,35.7,0,0,100,100,0,80,100,66.7,100,0,100,80,100,50,35.7,66.7,33.3,66.7,0,0,0,71,-27.8,0,0,-60,-60,-100,100,100,-12.5,61,"Bronze",3492,"Asia",3830.4,206.8,9607787,36,"3,830.40","NI",">20","19","NI",12.9,0,61,75,90.9,79.2,35.7,80,80,35.7,-27.8,1789.6,370000,206.75,19,2004,40,3600
"Jakarta","Corridor 1","TransJakarta","Indonesia","Indonesia","Jakarta",2014,12.9,97.4,100,100,100,85.7,100,78.9,100,0,66.7,100,100,100,100,35.7,0,0,100,100,0,70,100,66.7,66.7,100,0,80,66.7,100,42.9,66.7,66.7,66.7,0,0,0,74,-6.7,0,0,0,-20,-40,0,0,0,71,"Silver",3492,"Asia",3830.4,206.8,9607787,36,NA,NA,">20","19",NA,12.9,0,71,14,97.4,78.9,35.7,70,80,42.9,-6.7,1789.6,370000,206.75,19,2004,40,3600
"Jakarta","Corridor 1","TransJakarta","Indonesia","Indonesia","Jakarta",2014,12.9,97.4,100,100,100,85.7,100,78.9,100,0,66.7,100,100,100,100,35.7,0,0,100,100,0,70,100,66.7,66.7,100,0,80,66.7,100,42.9,66.7,66.7,66.7,0,0,0,74,-6.7,0,0,0,-20,-40,0,0,0,71,"Silver",3492,"Asia",3830.4,206.8,9607787,36,NA,NA,">20",NA,NA,NA,0,71,13,97.4,78.9,35.7,70,80,42.9,-6.7,1789.6,370000,206.75,19,2004,40,3600
"Jinan","B7 corridor Xierhuan","Jinan BRT","China","China","Jinan",2014,7.1,81.6,100,100,100,0,100,36.8,0,0,100,0,0,100,100,35.7,0,33.3,0,100,100,90,100,100,100,0,100,100,100,100,57.1,0,100,100,0,100,0,65,-11.1,0,-100,0,0,0,0,0,0,60,"Bronze",7590,"Asia",742.3,83.8,4340000,NA,"742.3",NA,">20",NA,NA,7.8,0,60,15,81.6,36.8,35.7,90,100,57.1,-11.1,2625.3,220000,83.8,17.5,2008,49,2050
"Jinan","Beiyuan dajie","Jinan BRT","China","China","Jinan",2013,15,75.8,100,100,100,0,66.7,87.5,100,0,100,100,100,100,100,50,0,33.3,33.3,150,100,80,100,66.7,100,0,100,100,100,100,7.1,0,0,0,0,50,0,67,0,0,0,0,0,0,100,100,0,67,"Bronze",7590,"Asia",742.3,83.8,4340000,NA,"","",">20","","",NA,0,67,76,75.8,87.5,50,80,100,7.1,0,2625.3,220000,83.8,17.5,2008,49,2050
"Jinan","Erhuandonglu","Jinan BRT","China","China","Jinan",2013,8,75.8,100,100,100,0,66.7,87.5,100,0,100,100,100,100,100,50,0,33.3,33.3,150,100,80,100,66.7,100,0,100,100,100,100,7.1,0,0,0,0,50,0,67,0,0,0,0,0,0,100,100,0,67,"Bronze",7590,"Asia",742.3,83.8,4340000,NA,"","",">20","","",NA,0,67,78,75.8,87.5,50,80,100,7.1,0,2625.3,220000,83.8,17.5,2008,49,2050
"Jinan","Gongyebeilu-Aotizonglu Line 6","Jinan BRT","China","China","Jinan",2013,6.6,75.8,100,100,100,0,66.7,87.5,100,0,100,100,100,100,100,50,0,33.3,33.3,150,100,80,100,66.7,100,0,100,100,100,100,7.1,0,0,0,0,50,0,67,0,0,0,0,0,0,100,100,0,67,"Bronze",7590,"Asia",742.3,83.8,4340000,NA,"","",">20","","",NA,0,67,77,75.8,87.5,50,80,100,7.1,0,2625.3,220000,83.8,17.5,2008,49,2050
"Jinan","Lishan Lu","Jinan BRT","China","China","Jinan",2013,4.8,75.8,100,100,100,0,66.7,87.5,100,0,100,100,100,100,100,50,0,33.3,33.3,150,100,80,100,66.7,100,0,100,100,100,100,7.1,0,0,0,0,50,0,67,0,0,0,0,0,0,100,100,0,67,"Bronze",7590,"Asia",742.3,83.8,4340000,NA,"","",">20","","",NA,0,67,79,75.8,87.5,50,80,100,7.1,0,2625.3,220000,83.8,17.5,2008,49,2050
"Johannesburg","Phase IA","Rea Vaya","South Africa","South Africa","Johannesburg",2013,25.5,95.5,100,92.9,100,83.3,100,87.5,100,66.7,100,100,100,50,100,71.4,100,33.3,100,100,0,100,100,100,100,100,100,100,100,100,28.6,66.7,0,66.7,0,0,0,81.5,-16.7,0,0,-60,-60,0,66.7,100,0,75.5,"Silver",6483,"Africa",2696,43.5,957441,32,"","",">20","","",NA,0,75.5,80,95.5,87.5,71.4,100,100,28.6,-16.7,965.5,42000,43.5,30,2009,64,5760
"Johannesburg","Phase IB","Rea Vaya","South Africa","South Africa","Johannesburg",2014,16.7,85.5,100,93.8,100,28.6,100,73.7,100,0,66.7,100,100,50,100,71.4,100,66.7,66.7,100,0,80,0,100,100,100,100,70,100,25,42.9,66.7,33.3,100,0,0,0,74,-28.9,0,0,-80,-40,0,-66.7,-50,-40,61,"Bronze",6483,"Africa",2696,43.5,957441,32,NA,NA,">20",NA,NA,18,0,61,16,85.5,73.7,71.4,80,70,42.9,-28.9,965.5,42000,43.5,30,2009,64,5760
"Lanzhou","Anning Lu","Lanzhou BRT","China","China","Lanzhou",2013,8.6,97,100,100,100,83.3,100,75,100,0,100,100,0,100,100,78.6,100,33.3,100,50,100,100,100,100,100,100,100,100,100,100,57.1,0,66.7,66.7,100,100,0,84,0,0,0,0,0,0,100,100,0,84,"Silver",7590,"Asia",1264.6,9.1,2064000,NA,"","",">20","","",NA,0,84,81,97,75,78.6,100,100,57.1,0,31868.1,290000,9.1,22,2013,87,6550
"Las Vegas","Strip & Downtown Express (SDX)","(no BRT system name)","United States","USA","Las Vegas, NV",2013,2,69.7,85.7,85.7,42.9,50,83.3,50,100,0,66.7,100,0,100,100,35.7,0,100,33.3,0,50,60,100,33.3,100,0,0,80,100,50,50,100,33.3,66.7,0,50,0,57,-8.3,0,0,0,-60,0,0,0,0,54,"Basic",54630,"Northern America",1288.9,63,606762,3.6,"","",">20","","",NA,6.2,54,82,69.7,50,35.7,60,80,50,-8.3,542.3,34189,63.05,21,2004,NA,NA
"Lianyungang","Xingfu-Hailian-Xingangcheng-Gangcheng","Lianyungang BRT","China","China","Lianyungang",2014,32.8,81.6,100,100,100,0,100,57.9,100,0,100,100,0,100,0,28.6,0,33.3,0,50,100,80,0,100,100,100,100,100,100,100,35.7,0,100,0,0,100,0,64,-6.7,-30,0,0,0,0,0,0,0,61,"Bronze",7590,"Asia",805.4,34,967000,NA,"805.4","1650","16-19","18","20000",34,0,61,17,81.6,57.9,28.6,80,100,35.7,-6.7,588.2,20000,34,18,2012,25,1650
"Lima","(only 1 line)","El Metropolitano","Peru","Peru","Lima",2013,16.8,97,100,100,100,83.3,100,95.8,100,100,100,100,100,100,50,100,100,100,100,100,100,100,100,100,100,100,100,80,100,50,42.9,100,0,66.7,50,0,0,89,-2.8,0,0,-20,0,0,100,100,0,88,"Gold",6541,"Latin America",3008.8,26,7605742,62,"","",">20","","",NA,34.4,88,83,97,95.8,100,100,80,42.9,-2.8,13461.5,350000,26,25.5,1972,117,22800
"Los Angeles","Orange line","(no BRT system name)","United States","USA","Los Angeles, CA",2013,23,75.8,100,100,85.7,83.3,0,54.2,0,0,100,0,100,100,0,64.3,100,100,0,0,100,50,0,33.3,100,100,0,100,100,100,57.1,100,0,33.3,100,100,0,65,0,0,0,0,0,0,100,100,0,65,"Bronze",54630,"Northern America",1017,22.9,3792621,23,"","",">20","","",NA,59.3,65,84,75.8,54.2,64.3,50,100,57.1,0,1441,33000,22.9,32,2005,15,NA
"Medellin","(no corridor name)","Metropl�s","Colombia","Colombia","Medellin",2013,12.5,97,100,100,100,83.3,100,70.8,0,0,100,100,100,100,100,92.9,75,100,100,100,100,100,100,100,100,100,100,100,100,100,57.1,100,100,66.7,0,0,0,85,0,0,0,0,0,0,100,100,0,85,"Gold",7904,"Latin America",5840,18,2223078,51,"","",">20","","",NA,28.8,85,85,97,70.8,92.9,100,100,57.1,0,3333.3,60000,18,16,2011,40,2450
"Mexico City","L3 Pantitl�n-Chimalhuacan","Mexibus","Mexico","Mexico","Mexico City",2014,14.5,97.4,100,100,100,85.7,100,57.9,0,100,33.3,100,100,100,0,85.7,100,66.7,100,50,100,90,100,100,100,100,0,80,100,50,35.7,66.7,0,66.7,0,50,0,78,-13.3,0,0,-20,0,-100,0,0,0,72,"Silver",10326,"Latin America",5871,105,8851080,77.9,NA,"5000",">20","18.55","155000",17,180,72,19,98.46,60.06,74.03,85.92,88.16,53.21,-7.87,8520,1065000,125,NA,2005,77,12000
"Mexico City","L5 R�o de los Remedios - San Lazaro","Metrobus","Mexico","Mexico","Mexico City",2014,10,100,100,100,100,100,100,63.2,0,0,100,100,100,100,100,57.1,0,66.7,100,50,100,80,100,100,100,0,0,100,100,100,78.6,100,66.7,100,50,100,0,82,0,0,0,0,0,0,0,0,0,82,"Silver",10326,"Latin America",5871,105,8851080,77.9,NA,"5400",">20","18","70000",10,180,82,18,98.46,60.06,74.03,85.92,88.16,53.21,-7.87,8520,1065000,125,NA,2005,77,12000
"Mexico City","Line 1","Metrobus","Mexico","Mexico","Mexico City",2013,28.1,97,100,100,100,83.3,100,83.3,100,0,66.7,100,100,100,100,50,0,0,100,100,100,80,100,100,100,0,0,80,100,50,35.7,66.7,33.3,66.7,0,0,0,76,-8.3,0,0,0,0,-100,100,100,0,73,"Silver",10326,"Latin America",5871,105,8851080,77.9,"","",">20","","",NA,180,73,86,85.95,78.58,58.77,77.8,80,43.38,-6.42,8520,1065000,125,NA,2005,77,12000
"Mexico City","Line 1","Mexibus","Mexico","Mexico","Mexico City",2013,16,100,100,100,100,100,100,87.5,100,100,33.3,100,100,100,50,85.7,100,66.7,100,100,50,100,100,100,100,200,0,80,100,50,21.4,33.3,33.3,33.3,0,0,0,83,0,0,0,0,0,0,100,100,0,83,"Silver",10326,"Latin America",5871,105,8851080,77.9,"","",">20","","",NA,180,83,89,85.95,78.58,58.77,77.8,80,43.38,-6.42,8520,1065000,125,NA,2005,77,12000
"Mexico City","Line 2","Metrobus","Mexico","Mexico","Mexico City",2013,20,87.9,100,71.4,100,66.7,100,83.3,100,0,66.7,100,100,100,100,57.1,0,33.3,100,100,100,80,100,100,100,0,0,80,100,50,42.9,66.7,66.7,66.7,0,0,0,75,0,0,0,0,0,0,100,100,0,75,"Silver",10326,"Latin America",5871,105,8851080,77.9,"","",">20","","",NA,180,75,90,85.95,78.58,58.77,77.8,80,43.38,-6.42,8520,1065000,125,NA,2005,77,12000
"Mexico City","Line 3","Metrobus","Mexico","Mexico","Mexico City",2013,17,93.9,100,100,100,66.7,100,83.3,100,0,66.7,100,100,100,100,64.3,0,66.7,100,100,100,80,100,100,100,0,0,80,100,50,42.9,66.7,66.7,66.7,0,0,0,78,0,0,0,0,0,0,100,100,0,78,"Silver",10326,"Latin America",5871,105,8851080,77.9,"","",">20","","",NA,180,78,87,85.95,78.58,58.77,77.8,80,43.38,-6.42,8520,1065000,125,NA,2005,77,12000
"Mexico City","Line 4","Metrobus","Mexico","Mexico","Mexico City",2013,28,60.6,85.7,71.4,0,50,100,62.5,100,0,66.7,0,0,100,100,50,0,100,66.7,0,100,60,100,33.3,100,0,0,80,100,50,64.3,100,33.3,100,50,0,100,61,-16.7,-60,0,0,0,0,100,100,0,55,"Bronze",10326,"Latin America",5871,105,8851080,77.9,"","","13-16","","",NA,180,55,88,85.95,78.58,58.77,77.8,80,43.38,-6.42,8520,1065000,125,NA,2005,77,12000
"Monterrey","Lincoln-Ruiz Cortines","Ecovia","Mexico","Mexico","Monterrey",2014,30,97.4,100,100,100,85.7,100,57.9,0,0,66.7,100,100,100,100,57.1,0,33.3,100,100,100,90,100,100,100,0,100,80,100,50,42.9,66.7,66.7,33.3,50,0,0,75,0,0,0,0,0,0,0,0,0,75,"Silver",10326,"Latin America",553.1,30.1,1135550,54.5,"553.1",NA,">20",NA,NA,30.1,31.5,75,20,97.4,57.9,57.1,90,80,42.9,0,NA,NA,30.1,NA,2014,NA,NA
NA,"Abd. Jabaquara","(no BRT system Name)","Brazil","Brazil","S�o Paulo",2013,5,60.6,100,100,14.3,83.3,0,83.3,100,0,100,100,100,100,100,50,0,66.7,100,0,100,60,100,33.3,100,0,0,40,66.7,0,35.7,33.3,33.3,100,0,0,0,60,0,0,0,0,0,0,100,50,0,60,"Bronze",11384,"Latin America",NA,NA,NA,NA,NA,NA,NA,NA,NA,NA,0,60,101,60.6,83.3,50,60,40,35.7,0,NA,NA,NA,NA,NA,NA,NA
NA,"Expresso Tiradentes","(no BRT system Name)","Brazil","Brazil","S�o Paulo",2013,8,100,100,100,100,100,100,87.5,100,0,100,100,100,100,100,57.1,0,66.7,100,50,100,70,0,100,100,100,0,100,100,100,42.9,66.7,33.3,100,0,0,0,80,0,0,0,0,0,0,100,100,0,80,"Silver",11384,"Latin America",NA,NA,NA,NA,NA,NA,NA,NA,NA,NA,0,80,102,100,87.5,57.1,70,100,42.9,0,NA,NA,NA,NA,NA,NA,NA
NA,"TVM (Antony-La Croix de Berny - Saint-Maur-Cr�teil","Trans-Val-de-Marne (TVM)","France","France","�le-de-France (Greater Paris)",2014,16.2,73.7,100,100,87.5,71.4,0,73.7,100,0,100,0,100,100,100,57.1,0,100,100,0,100,80,100,66.7,100,100,0,80,66.7,100,64.3,66.7,100,100,0,50,0,71,0,0,0,0,0,0,0,0,0,71,"Silver",42733,"Europe",NA,NA,NA,NA,NA,NA,NA,NA,NA,NA,0,71,47,73.7,73.7,57.1,80,80,64.3,0,NA,NA,NA,NA,NA,NA,NA
"Nantes","Line 4","Nantes Busway","France","France","Nantes",2013,7,84.8,100,100,85.7,66.7,66.7,62.5,0,0,100,100,100,100,0,21.4,0,66.7,33.3,0,0,70,100,66.7,100,0,0,100,100,100,78.6,100,100,100,50,0,100,69,0,0,0,0,0,0,100,100,0,69,"Bronze",42733,"Europe",264.4,6.9,284970,16,"","",">20","","",NA,0,69,91,84.8,62.5,21.4,70,100,78.6,0,3623.2,25000,6.9,21,2006,17,2000
"Ottawa","(All corridors)","Transitway","Canada","Canada","Ottawa, ON",2013,30,60.6,100,100,0,100,0,70.8,100,66.7,66.7,100,0,100,100,78.6,100,100,100,0,50,70,0,100,100,100,0,80,100,50,35.7,33.3,33.3,100,0,0,0,64,0,0,0,0,0,0,66.7,50,0,64,"Bronze",50235,"Northern America",209.6,35.4,951727,19,"","",">20","","",NA,0,64,92,60.6,70.8,78.6,70,80,35.7,0,6214.7,220000,35.4,45,1983,180,10500
"Perira","(no corridor name)","Megab�s","Colombia","Colombia","Perira",2013,19.15,100,100,100,100,100,100,79.2,100,0,66.7,100,100,100,50,50,0,0,100,100,100,90,100,100,100,0,100,80,100,50,35.7,100,0,66.7,0,0,0,77,0,0,0,0,0,0,100,100,0,77,"Silver",7904,"Latin America",828.1,29.2,469644,46,"","",">20","","",NA,0,77,93,100,79.2,50,90,80,35.7,0,6193.5,96000,15.5,20,2006,42,6900
"Pittsburgh","Martin Luther King Jr. East Busway","(no BRT system name)","United States","USA","Pittsburgh, PA",2013,14.6,60.6,100,100,0,100,0,54.2,100,66.7,0,100,0,100,50,78.6,100,66.7,100,0,100,50,0,33.3,100,100,0,0,0,0,50,66.7,66.7,66.7,50,0,0,56,0,0,0,0,0,0,66.7,0,0,56,"Bronze",54630,"Northern America",467.9,31,306211,6,"","",">20","","",NA,4.8,56,96,60.6,51.09,74.94,60.17,0,31.85,0,1350.4,41861,31,47.2,1977,30,5000
"Pittsburgh","South Busway","(no BRT system name)","United States","USA","Pittsburgh, PA",2013,6.9,60.6,100,100,0,100,0,45.8,100,66.7,0,100,0,100,50,71.4,100,33.3,100,0,100,70,100,33.3,100,100,0,0,0,0,14.3,33.3,0,33.3,0,0,0,50,0,0,0,0,0,0,0,0,0,50,"Basic",54630,"Northern America",467.9,31,306211,6,"","",">20","","",NA,4.8,50,94,60.6,51.09,74.94,60.17,0,31.85,0,1350.4,41861,31,47.2,1977,30,5000
"Pittsburgh","West Busway","(no BRT system name)","United States","USA","Pittsburgh, PA",2013,8.2,60.6,100,100,0,100,0,50,100,66.7,0,100,0,100,50,71.4,100,33.3,100,0,100,70,100,33.3,100,100,0,0,0,0,14.3,33.3,0,33.3,0,0,0,51,0,0,0,0,0,0,33.3,0,0,51,"Basic",54630,"Northern America",467.9,31,306211,6,"","",">20","","",NA,4.8,51,95,60.6,51.09,74.94,60.17,0,31.85,0,1350.4,41861,31,47.2,1977,30,5000
"Puebla","Chachapa -Tlaxcalancingo","RUTA","Mexico","Mexico","Puebla",2014,18.5,97.4,100,100,100,85.7,100,47.4,0,0,33.3,100,100,50,100,64.3,0,66.7,100,100,100,80,100,100,100,0,0,80,100,50,42.9,66.7,100,33.3,0,0,0,73,-8.9,0,0,0,0,0,0,0,-40,69,"Bronze",10326,"Latin America",76.6,32.3,1539819,40.6,NA,NA,NA,NA,NA,NA,0,69,21,97.4,47.4,64.3,80,80,42.9,-8.9,7792.7,251704,32.3,NA,2013,NA,NA
"Quito","Corredor sur occidental","Metrobus","Ecuador","Ecuador","Quito",2014,13.4,84.2,62.5,87.5,87.5,85.7,100,73.7,100,0,33.3,100,100,100,100,50,25,0,66.7,100,100,50,100,66.7,0,100,0,20,0,50,57.1,100,100,66.7,0,0,0,67,-11.1,-10,0,0,0,0,0,0,-40,62,"Bronze",6346,"Latin America",439.8,69.3,1619791,62,"439.8","9300",">20","18","220000",14,0,62,22,83.02,68.94,59.7,63.59,47.18,57.1,-13.14,12021.6,833095,69.3,17.8,1995,140,11700
"Quito","Corredor sur oriental","Metrobus","Ecuador","Ecuador","Quito",2014,11.1,81.6,75,62.5,87.5,85.7,100,63.2,25,33.3,33.3,100,100,100,100,71.4,25,66.7,100,100,100,80,100,66.7,100,100,0,80,100,50,57.1,100,100,66.7,0,0,0,73,-15.6,-10,0,0,0,-60,0,0,-30,66,"Bronze",6346,"Latin America",439.8,69.3,1619791,62,"439.8","3050",">20","18","79940",12.1,0,66,23,83.02,68.94,59.7,63.59,47.18,57.1,-13.14,12021.6,833095,69.3,17.8,1995,140,11700
"Quito","Trolebus, Central-Norte and Ecovia","Metrobus-Q","Ecuador","Ecuador","Quito",2013,40.9,87.9,100,57.1,100,83.3,100,100,100,100,100,100,100,100,100,50,0,100,100,50,0,90,100,100,100,0,100,60,66.7,50,42.9,100,33.3,66.7,0,0,0,78,-11.1,0,0,-20,0,-100,100,100,0,74,"Silver",6346,"Latin America",439.8,69.3,1619791,62,"","",">20","","",NA,0,74,97,87.9,100,50,90,60,42.9,-11.1,12021.6,833095,69.3,17.8,1995,140,11700
"Rio de Janeiro","Transcarioca","(no BRT system name)","Brazil","Brazil","Rio de Janeiro",2014,39,100,100,100,100,100,100,100,100,100,100,100,100,100,100,92.9,100,66.7,100,100,100,90,100,66.7,100,100,100,60,100,0,50,100,66.7,66.7,0,0,0,89,-6.7,0,0,-20,-40,0,0,0,0,86,"Gold",11384,"Latin America",2208.8,141,6476631,48.7,NA,"11000",">20",NA,"230000",39,42,86,24,100,100,88.7,84.16,71.68,54.14,-18.38,22375.7,3132600,140,21.8,2011,600,65400
"Rio de Janeiro","TransOeste","(no BRT system name)","Brazil","Brazil","Rio de Janeiro",2013,54.7,100,100,100,100,100,100,95.8,100,100,66.7,100,100,100,100,85.7,100,66.7,100,100,50,100,100,100,100,100,100,80,100,50,57.1,100,33.3,66.7,50,50,0,90,-5.6,0,0,0,-20,0,100,100,-12.5,88,"Gold",11384,"Latin America",2208.8,141,6476631,48.7,"","",">20","","",NA,42,88,99,100,95.8,85.7,100,80,57.1,-5.6,22375.7,3132600,140,21.8,2011,600,65400
"Rio de Janeiro","TransOeste","(no BRT system name)","Brazil","Brazil","Rio de Janeiro",2013,54.7,100,100,100,100,100,100,95.8,100,100,66.7,100,100,100,100,85.7,100,66.7,100,100,50,100,100,100,100,100,100,80,100,50,57.1,100,33.3,66.7,50,50,0,90,-5.6,0,0,0,-20,0,100,100,-12.5,88,"Gold",11384,"Latin America",2208.8,141,6476631,48.7,"2,208.80","13,000",">20","Express service: 50.1 and Local service: 29.2","220,000",58,42,88,98,100,95.8,85.7,100,80,57.1,-5.6,22375.7,3132600,140,21.8,2011,600,65400
"Rio de Janeiro","Transoeste","(no BRT system name)","Brazil","Brazil","Rio de Janeiro",2014,54.7,100,100,100,100,100,100,100,100,100,100,100,100,100,100,85.7,100,66.7,100,100,50,80,100,66.7,100,100,0,80,100,50,57.1,100,66.7,33.3,50,50,0,89,-26.7,0,0,0,-60,-100,0,0,-40,77,"Silver",11384,"Latin America",2208.8,141,6476631,48.7,NA,NA,NA,NA,NA,NA,42,77,25,100,100,88.7,84.16,71.68,54.14,-18.38,22375.7,3132600,140,21.8,2011,600,65400
"Rouen","(All Corridors)","TEOR (Transport Est-Ouest Rouennais)","France","France","Rouen",2013,13,97,100,100,85.7,100,100,70.8,100,0,100,100,100,NA,0,14.3,0,0,66.7,0,0,80,100,66.7,100,100,0,80,66.7,100,78.6,100,100,100,50,50,0,74,-2.8,0,0,-20,0,0,100,100,0,73,"Silver",42733,"Europe",275.8,43.6,110933,10,"","",">20","","",NA,2.2,73,100,97,70.8,14.3,80,80,78.6,-2.8,1350.5,42000,31.1,17.5,2001,30,NA
"San Bernardino","E Street","sbX","United States","USA","San Bernardino, CA",2014,8.3,84.2,100,100,87.5,28.6,100,42.1,0,0,100,100,100,0,0,64.3,0,100,100,100,50,50,0,66.7,100,0,0,100,100,100,50,100,0,100,50,0,0,66,-6.7,0,0,0,0,0,-100,0,0,63,"Bronze",54630,"Northern America",59.5,25.7,2101053,6.6,"59.5",NA,">20",NA,NA,NA,0,63,26,84.2,42.1,64.3,50,100,50,-6.7,NA,NA,25.7,NA,2014,6,NA
"Santiago","Avenida Grecia","Transantiago","Chile","Chile","Santiago",2014,10,55.3,87.5,100,0,85.7,0,73.7,100,0,100,100,100,100,0,50,100,0,100,0,0,70,100,33.3,100,100,0,40,66.7,0,35.7,33.3,66.7,66.7,0,0,0,56,0,0,0,0,0,0,0,0,0,56,"Bronze",14528,"Latin America",448,91.8,5879000,35,"446.9","4400",">20","21.5","59000",10,102.4,56,27,56.87,73.7,50,70,40,35.7,0,3710.4,340800,91.85,26.2,2006,185,13500
"Santiago","Avenidas Las Industrias, Pedro Aguirre Cerda and Santa Rosa","Transantiago","Chile","Chile","Santiago",2014,15.2,57.9,100,100,0,85.7,0,73.7,100,0,100,100,100,100,0,50,100,0,100,0,0,70,100,33.3,100,100,0,40,66.7,0,35.7,33.3,66.7,66.7,0,0,0,57,0,0,0,0,0,0,0,0,0,57,"Bronze",14528,"Latin America",448,91.8,5879000,35,"446.9",NA,">20",NA,NA,NA,102.4,57,28,56.87,73.7,50,70,40,35.7,0,3710.4,340800,91.85,26.2,2006,185,13500
"Seattle","Downtown Seattle Transit Tunnel/SODO Busway","Metro","United States","USA","Seattle",2014,5.3,60.5,100,100,0,100,0,89.5,100,100,100,100,100,100,0,57.1,0,100,100,0,100,45,100,50,0,100,0,20,0,50,50,50,100,50,0,50,0,60.5,-11.1,0,0,0,0,0,-100,-100,0,55.5,"Bronze",54630,"Northern America",NA,NA,NA,NA,NA,NA,">20",NA,NA,NA,22.2,55.5,29,60.5,89.5,57.1,45,20,50,-11.1,NA,NA,NA,NA,NA,NA,NA
"Seoul","Cheonho-Daero - East","(no system name)","South Korea","South Korea","Seoul",2014,9.2,52.6,62.5,100,0,100,0,89.5,100,66.7,66.7,100,100,100,100,57.1,0,100,100,0,100,40,100,33.3,0,100,0,40,0,100,57.1,66.7,100,100,0,0,0,59,-13.3,-60,0,0,0,0,0,0,0,53,"Basic",NA,"Asia",2176,43,10442426,NA,NA,NA,NA,NA,NA,NA,326.5,53,30,56.76,80.32,57.1,40,40,48.94,-13.3,9302.3,4e+05,43,17,2004,NA,8400
"Seoul","Cheonho-Daero - West","(no system name)","South Korea","South Korea","Seoul",2014,5.4,57.9,100,100,0,85.7,0,78.9,100,0,66.7,100,100,100,100,57.1,0,100,100,0,100,40,100,33.3,0,100,0,40,0,100,42.9,0,100,100,0,0,0,57,-13.3,-60,0,0,0,0,0,0,0,51,"Basic",NA,"Asia",2176,43,10442426,NA,NA,NA,NA,NA,NA,NA,326.5,51,31,56.76,80.32,57.1,40,40,48.94,-13.3,9302.3,4e+05,43,17,2004,NA,8400
"Seoul","Dongsomun-ro/Dobong-ro","(no system name)","South Korea","South Korea","Seoul",2014,14.3,57.9,100,100,0,85.7,0,78.9,100,0,66.7,100,100,100,100,57.1,0,100,100,0,100,40,100,33.3,0,100,0,40,0,100,42.9,0,100,100,0,0,0,57,-13.3,-60,0,0,0,0,0,0,0,51,"Basic",NA,"Asia",2176,43,10442426,NA,NA,NA,NA,NA,NA,NA,326.5,51,36,56.76,80.32,57.1,40,40,48.94,-13.3,9302.3,4e+05,43,17,2004,NA,8400
"Seoul","Gangnam-Daero","(no system name)","South Korea","South Korea","Seoul",2014,4.7,57.9,100,100,0,85.7,0,78.9,100,0,66.7,100,100,100,100,57.1,0,100,100,0,100,40,100,33.3,0,100,0,40,0,100,42.9,0,100,100,0,0,0,57,-13.3,-60,0,0,0,0,0,0,0,51,"Basic",NA,"Asia",2176,43,10442426,NA,NA,NA,NA,NA,NA,NA,326.5,51,34,56.76,80.32,57.1,40,40,48.94,-13.3,9302.3,4e+05,43,17,2004,NA,8400
"Seoul","Gyeongin-ro","(no system name)","South Korea","South Korea","Seoul",2014,5.6,52.6,87.5,87.5,0,85.7,0,78.9,100,0,66.7,100,100,100,100,57.1,0,100,100,0,100,40,100,33.3,0,100,0,40,0,100,42.9,0,100,100,0,0,0,55,-13.3,-60,0,0,0,0,0,0,0,49,"Basic",NA,"Asia",2176,43,10442426,NA,NA,NA,NA,NA,NA,NA,326.5,49,32,56.76,80.32,57.1,40,40,48.94,-13.3,9302.3,4e+05,43,17,2004,NA,8400
"Seoul","Susack BRT","(no system name)","South Korea","South Korea","Seoul",2014,20,57.9,100,100,0,85.7,0,78.9,100,0,66.7,100,100,100,100,57.1,0,100,100,0,100,40,100,33.3,0,100,0,40,0,100,57.1,66.7,100,100,0,0,0,59,-13.3,-60,0,0,0,0,0,0,0,53,"Basic",NA,"Asia",2176,43,10442426,NA,NA,NA,NA,NA,NA,NA,326.5,53,33,56.76,80.32,57.1,40,40,48.94,-13.3,9302.3,4e+05,43,17,2004,NA,8400
"Seoul","Yeouidaebang-ro/Siheung-daero","(no system name)","South Korea","South Korea","Seoul",2014,9.5,57.9,100,100,0,85.7,0,78.9,100,0,66.7,100,100,100,100,57.1,0,100,100,0,100,40,100,33.3,0,100,0,40,0,100,42.9,0,100,100,0,0,0,57,-13.3,-60,0,0,0,0,0,0,0,51,"Basic",NA,"Asia",2176,43,10442426,NA,NA,NA,NA,NA,NA,NA,326.5,51,35,56.76,80.32,57.1,40,40,48.94,-13.3,9302.3,4e+05,43,17,2004,NA,8400
"Surat","Udhna - Sachin GIDC","Sitilink","India","India","Surat",2014,10,92.1,87.5,100,100,71.4,100,26.3,0,0,33.3,100,0,50,50,71.4,100,0,66.7,100,100,70,100,100,0,100,100,100,100,100,28.6,66.7,0,33.3,0,50,0,66,-17.8,0,-100,-20,0,0,-66.7,0,0,58,"Bronze",1582,"Asia",1089.9,10,4462002,13,NA,NA,">20",NA,"13500",10,0,58,37,92.1,26.3,71.4,70,100,28.6,-17.8,1350,13500,10,NA,2014,6,NA
"Urumqi","Corridor 1 (Beijinglu-Xibeilu-Yangzijianglu)","Urumuqi BRT","China","China","Urumuqi",2014,15.5,81.6,100,100,100,0,100,84.2,100,0,100,100,100,100,100,28.6,0,0,0,100,100,100,100,100,100,100,100,100,100,100,28.6,0,100,33.3,0,0,0,70,-22.2,-100,0,0,0,0,0,0,0,60,"Bronze",7590,"Asia",263,NA,2518000,NA,"263",NA,"<13",NA,NA,16.4,0,60,38,81.6,84.2,28.6,100,100,28.6,-22.2,9452.7,380000,40.2,13,2011,87,6950
"Xiamen","","Xiamen BRT","China","China","Xiamen",2014,51,100,100,100,100,100,100,78.9,100,66.7,100,100,0,100,100,50,0,33.3,100,50,100,80,0,100,100,100,100,100,100,100,28.6,0,100,33.3,0,0,0,77,-6.7,0,0,0,0,-60,0,0,0,74,"Silver",7590,"Asia",1213.7,48.9,1909000,NA,NA,NA,NA,NA,NA,NA,0,74,39,100,78.9,50,80,100,28.6,-6.7,6953,340000,48.9,27,2008,104,8360
"Yancheng","Kaifang Dadao - Jiefang Nanlu","Yancheng BRT","China","China","Yancheng",2014,16,81.6,100,100,100,0,100,47.4,100,0,100,0,0,100,0,21.4,0,0,0,50,100,90,100,100,100,0,100,60,66.7,50,21.4,0,66.7,33.3,0,0,0,58,-6.7,-30,0,0,0,0,0,0,0,55,"Bronze",7590,"Asia",895.8,16,760000,NA,"895.8","1300","16-19","18","33000",16,0,55,40,81.6,47.4,21.4,90,60,21.4,-6.7,2062.5,33000,16,18,2010,30,1300
"Yinchuan","Huanghe East-Nanxun-Qinghe","Yinchuan BRT","China","China","Yinchuan",2014,17,76.3,100,100,100,0,71.4,57.9,100,0,100,100,0,100,0,28.6,0,33.3,0,50,100,100,100,100,100,100,100,60,33.3,100,35.7,0,100,33.3,0,50,0,62,-13.3,-60,0,0,0,0,0,0,0,56,"Bronze",7590,"Asia",433.7,17,1130000,NA,"433.7","3600","13-16","15","87000",17,0,56,41,76.3,57.9,28.6,100,60,35.7,-13.3,5117.6,87000,17,15,2012,63,3600
"Zaozhuang","B1","Zaozhuang BRT","China","China","Zaozhuang",2014,33.5,65.8,100,62.5,62.5,0,100,84.2,100,100,100,100,0,100,100,21.4,0,0,0,50,100,70,0,100,100,100,0,80,100,50,35.7,0,66.7,66.7,0,50,0,60,-6.7,0,0,0,0,0,-100,0,0,57,"Bronze",7590,"Asia",735.6,33,2258000,NA,"735.6","700",">20","30","30000",33,0,57,42,75.31,55.66,21.4,76.02,80,32.98,-13.38,909.1,30000,33,30,2010,27,700
"Zaozhuang","B3","Zaozhuang BRT","China","China","Zaozhuang",2014,32.2,81.6,100,100,100,0,100,36.8,0,0,100,0,0,100,100,21.4,0,0,0,50,100,80,0,100,100,100,100,80,100,50,28.6,0,66.7,66.7,0,0,0,57,-17.8,0,-100,0,0,0,-100,0,0,49,"Basic",7590,"Asia",735.6,33,2258000,NA,NA,NA,">20",NA,NA,NA,0,49,43,75.31,55.66,21.4,76.02,80,32.98,-13.38,909.1,30000,33,30,2010,27,700
"Zaozhuang","B5","Zaozhuang BRT","China","China","Zaozhuang",2014,18.5,81.6,100,100,100,0,100,36.8,0,0,100,0,0,100,100,21.4,0,0,0,50,100,80,0,100,100,100,100,80,100,50,35.7,0,66.7,66.7,0,50,0,58,-17.8,0,-100,0,0,0,-100,0,0,50,"Basic",7590,"Asia",735.6,33,2258000,NA,NA,NA,">20",NA,NA,NA,0,50,44,75.31,55.66,21.4,76.02,80,32.98,-13.38,909.1,30000,33,30,2010,27,700
"Zhengzhou","(no corridor name)","Zhengzhou BRT","China","China","Zhengzhou",2014,30.5,81.6,100,100,100,0,100,57.9,100,0,100,100,0,100,0,21.4,0,0,0,50,100,100,100,100,100,100,100,100,100,100,35.7,0,100,33.3,0,50,0,65,-13.3,-60,0,0,0,0,0,0,0,59,"Bronze",7590,"Asia",5813.9,30.5,5872000,NA,NA,"5600","13-16","18.36","650000",30.5,25.4,59,45,81.6,57.9,21.4,100,100,35.7,-13.3,21311.5,650000,30.5,15,2009,52,5600
"Zhongshan","Zhongshan 2nd-5th Rd - Jiangling Rd","Zhongshan BRT","China","China","Zhongshan",2014,13,81.6,100,100,100,0,100,57.9,100,0,100,100,0,100,0,35.7,0,33.3,0,100,100,80,0,100,100,100,100,100,100,100,50,33.3,100,100,0,0,0,67,-11.1,0,-100,0,0,0,0,0,0,62,"Bronze",7590,"Asia",NA,NA,NA,NA,NA,NA,">20",NA,NA,NA,0,62,46,81.6,57.9,35.7,80,100,50,-11.1,NA,NA,NA,NA,NA,NA,NA
